{
    "name"         : "jquery-minicolors",
    "version"      : "2.2.4",
    "description"  : "jQuery MiniColors Plugin",
    "homepage"     : "",
    "main"         : [ "./jquery.minicolors.js", "./jquery.minicolors.css" ],
    "dependencies" : {
        "jquery" : ">= 1.7.x"
    },
    "keywords"     : [
    ],
    "author" : {
        "name" : "Cory LaViska",
        "web"  : "http://www.abeautifulsite.net/"
    },
    "license": [
        "http://www.opensource.org/licenses/mit-license.php"
    ]
}